{"pastVx": [0.0, 2.9605908393859863, 9.617192268371582, 19.274707794189453, 30.717058181762695, 42.94879913330078, 54.57151794433594, 65.54448699951172, 76.12322235107422, 85.30474090576172, 92.54402160644531, 98.14952087402344, 101.70932006835938, 103.88811492919922, 106.15459442138672, 107.79900360107422, 109.32624816894531, 110.49938201904297, 111.56957244873047, 112.53777313232422, 113.04986572265625, 111.82833099365234, 110.36735534667969, 109.26078796386719, 108.10881042480469, 109.03988647460938, 109.3450698852539, 107.45648193359375, 104.65685272216797, 104.21142578125, 103.2616195678711, 103.89763641357422, 105.18000793457031, 107.05726623535156, 108.61663818359375, 110.26492309570312, 111.75592041015625, 113.44068145751953, 114.42163848876953], "pastVy": [0.0, 1.4831269979476929, 4.924169540405273, 9.843864440917969, 15.621435165405273, 21.760379791259766, 27.21841812133789, 32.22694778442383, 37.15911865234375, 40.42329788208008, 43.0500602722168, 44.43937683105469, 45.450443267822266, 45.6444206237793, 44.86053466796875, 43.5810661315918, 41.486629486083984, 39.26736831665039, 36.89573669433594, 34.20305633544922, 31.129051208496094, 28.89940071105957, 27.004291534423828, 25.194467544555664, 23.869285583496094, 22.299415588378906, 20.93514060974121, 19.45375633239746, 18.56351661682129, 16.34095573425293, 15.171255111694336, 13.46406364440918, 11.997048377990723, 10.753110885620117, 9.048009872436523, 7.074118614196777, 4.936020374298096, 2.960376262664795, 1.5301384925842285], "kalmanVx": [0.0, 2.9605908393859863, 9.617192268371582, 19.274707794189453, 30.717058181762695, 42.94879913330078, 54.57151794433594, 65.54448699951172, 76.12322235107422, 85.30474090576172, 92.54402160644531, 98.14952087402344, 101.70932006835938, 103.88811492919922, 106.15459442138672, 107.79900360107422, 109.32624816894531, 110.49938201904297, 111.56957244873047, 112.53777313232422, 113.04986572265625, 111.82833099365234, 110.36735534667969, 109.26078796386719, 108.10881042480469, 109.03988647460938, 109.3450698852539, 107.45648193359375, 104.65685272216797, 104.21142578125, 103.2616195678711, 103.89763641357422, 105.18000793457031, 107.05726623535156, 108.61663818359375, 110.26492309570312, 111.75592041015625, 113.44068145751953, 114.42163848876953], "kalmanVy": [0.0, 1.4831269979476929, 4.924169540405273, 9.843864440917969, 15.621435165405273, 21.760379791259766, 27.21841812133789, 32.22694778442383, 37.15911865234375, 40.42329788208008, 43.0500602722168, 44.43937683105469, 45.450443267822266, 45.6444206237793, 44.86053466796875, 43.5810661315918, 41.486629486083984, 39.26736831665039, 36.89573669433594, 34.20305633544922, 31.129051208496094, 28.89940071105957, 27.004291534423828, 25.194467544555664, 23.869285583496094, 22.299415588378906, 20.93514060974121, 19.45375633239746, 18.56351661682129, 16.34095573425293, 15.171255111694336, 13.46406364440918, 11.997048377990723, 10.753110885620117, 9.048009872436523, 7.074118614196777, 4.936020374298096, 2.960376262664795, 1.5301384925842285], "times": [0.5589728355407715, 0.6699693202972412, 0.7672157287597656, 0.8545854091644287, 0.9369690418243408, 1.0195159912109375, 1.0897448062896729, 1.1675829887390137, 1.2715373039245605, 1.3488705158233643, 1.4261963367462158, 1.498704195022583, 1.5770726203918457, 1.6499261856079102, 1.719785451889038, 1.7897136211395264, 1.8574092388153076, 1.9244122505187988, 1.9910664558410645, 2.0603394508361816, 2.1283860206604004, 2.2015419006347656, 2.272193193435669, 2.347545862197876, 2.4189484119415283, 2.485900402069092, 2.582371950149536, 2.6899240016937256, 2.770212411880493, 2.8465261459350586, 2.9314827919006348, 3.0074496269226074, 3.073378324508667, 3.140115976333618, 3.2237632274627686, 3.3087551593780518, 3.4090323448181152, 3.479882001876831, 3.549420118331909], "pastTimes": [0.5589728355407715, 0.6699693202972412, 0.7672157287597656, 0.8545854091644287, 0.9369690418243408, 1.0195159912109375, 1.0897448062896729, 1.1675829887390137, 1.2715373039245605, 1.3488705158233643, 1.4261963367462158, 1.498704195022583, 1.5770726203918457, 1.6499261856079102, 1.719785451889038, 1.7897136211395264, 1.8574092388153076, 1.9244122505187988, 1.9910664558410645, 2.0603394508361816, 2.1283860206604004, 2.2015419006347656, 2.272193193435669, 2.347545862197876, 2.4189484119415283, 2.485900402069092, 2.582371950149536, 2.6899240016937256, 2.770212411880493, 2.8465261459350586, 2.9314827919006348, 3.0074496269226074, 3.073378324508667, 3.140115976333618, 3.2237632274627686, 3.3087551593780518, 3.4090323448181152, 3.479882001876831, 3.549420118331909], "yFinal": [[14, 14, 14, 14], [297, 186, 73, 17], [303, 189, 74, 17], [302, 189, 73, 17], [301, 188, 73, 17], [300, 188, 73, 17], [297, 186, 74, 18], [294, 185, 74, 19], [293, 185, 74, 20], [288, 183, 76, 24], [286, 183, 77, 26], [282, 182, 79, 29], [281, 182, 81, 31], [279, 181, 82, 33], [275, 181, 86, 39], [271, 181, 90, 45], [266, 182, 96, 54], [261, 182, 102, 63], [257, 184, 109, 72], [252, 185, 116, 83], [248, 187, 125, 94], [246, 188, 130, 101], [244, 190, 134, 107], [242, 191, 139, 113], [241, 192, 142, 118], [240, 194, 148, 125], [238, 196, 153, 131], [238, 198, 157, 137], [238, 198, 158, 139], [237, 202, 166, 149], [236, 204, 170, 154], [236, 207, 178, 163], [235, 210, 184, 171], [235, 212, 190, 179], [235, 216, 197, 188], [234, 220, 206, 199], [235, 225, 215, 210], [235, 229, 223, 220], [235, 232, 229, 228]],